{
  "accuracy": 0.68,
  "precision": 0.5751295336787565,
  "recall": 0.4580467675378267,
  "f1": 0.5099540581929555,
  "roc_auc": 0.7219426648701041
}